{
  "name": "伊修加德新型套装",
  "version": "1.0.0",
  "styleFileList": [],
  "scriptFileList": [],
  "tweeFileList": [],
  "additionFile": [],
  "imgFileList": [
    "img/clothes/lower/neoishgardiansuit/frayed.png",
    "img/clothes/lower/neoishgardiansuit/full.png",
    "img/clothes/lower/neoishgardiansuit/tattered.png",
    "img/clothes/lower/neoishgardiansuit/torn.png",
    "img/clothes/upper/neoishgardiansuit/acc.png",
    "img/clothes/upper/neoishgardiansuit/frayed.png",
    "img/clothes/upper/neoishgardiansuit/frayed_gray.png",
    "img/clothes/upper/neoishgardiansuit/full.png",
    "img/clothes/upper/neoishgardiansuit/full_gray.png",
    "img/clothes/upper/neoishgardiansuit/left.png",
    "img/clothes/upper/neoishgardiansuit/left_cover.png",
    "img/clothes/upper/neoishgardiansuit/left_cover_gray.png",
    "img/clothes/upper/neoishgardiansuit/left_gray.png",
    "img/clothes/upper/neoishgardiansuit/right.png",
    "img/clothes/upper/neoishgardiansuit/right_cover.png",
    "img/clothes/upper/neoishgardiansuit/right_cover_gray.png",
    "img/clothes/upper/neoishgardiansuit/right_gray.png",
    "img/clothes/upper/neoishgardiansuit/tattered.png",
    "img/clothes/upper/neoishgardiansuit/tattered_gray.png",
    "img/clothes/upper/neoishgardiansuit/torn.png",
    "img/clothes/upper/neoishgardiansuit/torn_gray.png"
  ],
  "addonPlugin": [
    {
      "modName": "ModdedClothesAddon",
      "addonName": "ModdedClothesAddon",
      "modVersion": "^1.1.0",
      "params": {
        "clothes": [
          {
            "key": "face",
            "filePath": "clothes/face.json"
          },
          {
            "key": "feet",
            "filePath": "clothes/feet.json"
          },
          {
            "key": "genitals",
            "filePath": "clothes/genitals.json"
          },
          {
            "key": "hands",
            "filePath": "clothes/hands.json"
          },
          {
            "key": "head",
            "filePath": "clothes/head.json"
          },
          {
            "key": "legs",
            "filePath": "clothes/legs.json"
          },
          {
            "key": "neck",
            "filePath": "clothes/neck.json"
          },
          {
            "key": "upper",
            "filePath": "clothes/upper.json"
          },
          {
            "key": "lower",
            "filePath": "clothes/lower.json"
          },
          {
            "key": "under_upper",
            "filePath": "clothes/under_upper.json"
          },
          {
            "key": "under_lower",
            "filePath": "clothes/under_lower.json"
          },
          {
            "key": "over_upper",
            "filePath": "clothes/over_upper.json"
          },
          {
            "key": "over_lower",
            "filePath": "clothes/over_lower.json"
          },
          {
            "key": "over_head",
            "filePath": "clothes/over_head.json"
          }
        ]
      }
    },
    {
      "modName": "ModLoader DoL ImageLoaderHook",
      "addonName": "ImageLoaderAddon",
      "modVersion": "^2.3.0",
      "params": []
    }
  ],
  "dependenceInfo": [
    {
      "modName": "ModdedClothesAddon",
      "version": "^1.1.0"
    },
    {
      "modName": "ModLoader DoL ImageLoaderHook",
      "version": "^2.3.0"
    }
  ]
}