{
  "name": "Bailey rent mod",
  "version": "1.2.0",
  "styleFileList": [],
  "scriptFileList": [],
  "tweeFileList": [
    "Widgets rent_acc_mode.twee"
  ],
  "imgFileList": [
    "preview.jpg"
  ],
  "additionFile": [
    "addon-replace/core_code.txt",
    "addon-replace/log.txt",
    "addon-replace/swich.txt",
    "readme.md",
    "preview.jpg",
    "LICENSE.txt"
  ],
  "addonPlugin": [
    {
      "modName": "TweeReplacer",
      "addonName": "TweeReplacerAddon",
      "modVersion": "1.0.0",
      "params": [
        {
          "passage": "Widgets Text",
          "findString": "<<widget \"schoolday\">>",
          "replaceFile": "addon-replace/core_code.txt"
        },
        {
          "passage": "Widgets Journal",
          "findString": "\t\t<<if $renttime lte 0>>\n\t\t\t<li>贝利正在找你，并且打算收取你欠下的<<printmoney $rentmoney>><<babyRentDisplay \"还有代替你照顾孩子的\" \"\" \"gold\">>。</li>",
          "replaceFile": "addon-replace/log.txt"
        },
        {
          "passage": "Widgets Settings",
          "findString": "\t\t\t\t<div class=\"ironman-slider\" id=\"sliderRentMode\">\n\t\t\t\t\t<<numberslider \"$rentmod\" $rentmod 0.1 3 0.1 $ironmanmode>>\n\t\t\t\t</div>",
          "replaceFile": "addon-replace/swich.txt"
        }
      ]
    }
  ],
  "dependenceInfo": [
    {
      "modName": "ModLoader",
      "version": ">=1.1.0"
    },
    {
      "modName": "ModLoader DoL ImageLoaderHook",
      "version": ">=1.0.0"
    },
    {
      "modName": "TweeReplacer",
      "version": ">=1.0.0"
    },
    {
      "modName": "ReplacePatcher",
      "version": ">=1.0.0"
    }
  ]
}