{
  "name": "星芒唱诗班",
  "version": ".1.0.0",
  "styleFileList": [],
  "scriptFileList": [],
  "tweeFileList": [],
  "additionFile": [],
  "imgFileList": [
    "img/clothes/feet/starlightchoirshoes/full.png",
    "img/clothes/feet/starlightchoirshoes/full_gray.png",
    "img/clothes/legs/starlightchoirsocks/full.png",
    "img/clothes/legs/starlightchoirsocks/full_gray.png",
    "img/clothes/lower/starlightchoirsuit/frayed.png",
    "img/clothes/lower/starlightchoirsuit/full.png",
    "img/clothes/lower/starlightchoirsuit/full_gray.png",
    "img/clothes/lower/starlightchoirsuit/tattered.png",
    "img/clothes/lower/starlightchoirsuit/torn.png",
    "img/clothes/upper/starlightchoirsuit/acc.png",
    "img/clothes/upper/starlightchoirsuit/acc_gray.png",
    "img/clothes/upper/starlightchoirsuit/frayed.png",
    "img/clothes/upper/starlightchoirsuit/frayed_gray.png",
    "img/clothes/upper/starlightchoirsuit/full.png",
    "img/clothes/upper/starlightchoirsuit/full_gray.png",
    "img/clothes/upper/starlightchoirsuit/left.png",
    "img/clothes/upper/starlightchoirsuit/left_gray.png",
    "img/clothes/upper/starlightchoirsuit/right.png",
    "img/clothes/upper/starlightchoirsuit/right_gray.png",
    "img/clothes/upper/starlightchoirsuit/tattered.png",
    "img/clothes/upper/starlightchoirsuit/tattered_gray.png",
    "img/clothes/upper/starlightchoirsuit/torn.png",
    "img/clothes/upper/starlightchoirsuit/torn_gray.png"
  ],
  "addonPlugin": [
    {
      "modName": "ModdedClothesAddon",
      "addonName": "ModdedClothesAddon",
      "modVersion": "^1.1.0",
      "params": {
        "clothes": [
          {
            "key": "face",
            "filePath": "clothes/face.json"
          },
          {
            "key": "feet",
            "filePath": "clothes/feet.json"
          },
          {
            "key": "genitals",
            "filePath": "clothes/genitals.json"
          },
          {
            "key": "hands",
            "filePath": "clothes/hands.json"
          },
          {
            "key": "head",
            "filePath": "clothes/head.json"
          },
          {
            "key": "legs",
            "filePath": "clothes/legs.json"
          },
          {
            "key": "neck",
            "filePath": "clothes/neck.json"
          },
          {
            "key": "upper",
            "filePath": "clothes/upper.json"
          },
          {
            "key": "lower",
            "filePath": "clothes/lower.json"
          },
          {
            "key": "under_upper",
            "filePath": "clothes/under_upper.json"
          },
          {
            "key": "under_lower",
            "filePath": "clothes/under_lower.json"
          },
          {
            "key": "over_upper",
            "filePath": "clothes/over_upper.json"
          },
          {
            "key": "over_lower",
            "filePath": "clothes/over_lower.json"
          },
          {
            "key": "over_head",
            "filePath": "clothes/over_head.json"
          }
        ]
      }
    },
    {
      "modName": "ModLoader DoL ImageLoaderHook",
      "addonName": "ImageLoaderAddon",
      "modVersion": "^2.3.0",
      "params": []
    }
  ],
  "dependenceInfo": [
    {
      "modName": "ModdedClothesAddon",
      "version": "^1.1.0"
    },
    {
      "modName": "ModLoader DoL ImageLoaderHook",
      "version": "^2.3.0"
    }
  ]
}