{
 "name": "NoAutoReBuyTrash",
 "version": "1.1.1",
 "styleFileList": [],
 "scriptFileList_earlyload": [],
 "scriptFileList_inject_early": [],
 "scriptFileList_preload": [],
 "scriptFileList": [],
 "tweeFileList": [],
 "imgFileList": [],
 "additionFile": [],
 "addonPlugin": [
  {
   "modName": "TweeReplacer",
   "addonName": "TweeReplacerAddon",
   "modVersion": "1.0.0",
   "params": [
    {
     "passage": "Widgets Clothing",
     "findString": "<<elseif $money gte $_cost>>",
     "replace": "<<elseif $_item.name is \"rag top\" or $_item.name is \"rag skirt\">>\n\t\t\t/*Do nothing*/\n\t\t\t<<elseif $money gte $_cost>>"
    }
   ]
  }
 ],
 "dependenceInfo": [
  {
   "modName": "ModLoader",
   "version": ">=1.1.0"
  },
  {
   "modName": "ModLoader DoL ImageLoaderHook",
   "version": ">=1.0.0"
  },
  {
   "modName": "TweeReplacer",
   "version": ">=1.0.0"
  },
  {
   "modName": "ReplacePatcher",
   "version": ">=1.0.0"
  }
 ]
}