{
 "name": "DefrockMod",
 "version": "1.1.1",
 "styleFileList": [],
 "scriptFileList_earlyload": [],
 "scriptFileList_inject_early": [],
 "scriptFileList_preload": [],
 "scriptFileList": [],
 "tweeFileList": [
  "defrockmod.twee",
  "ResetChastity.twee",
  "ResetChastity2.twee",
  "ResetVirginity.twee",
  "ResetVirginityCheck.twee",
  "ResetVirginityHypnosis.twee",
  "ResetVirginityRefuse.twee"
 ],
 "imgFileList": [],
 "additionFile": [
  "replace_en_us.json5",
  "replace_zh_cn.json5",
  "index.json5",
  "fnd_zh_cn.json5"
 ],
 "addonPlugin": [
  {
   "modName": "I18nTweeReplacer",
   "addonName": "I18nTweeReplacerAddon",
   "modVersion": ">=1.0.0",
   "params": {
    "mainFindLanguage": "zh-CN",
    "mainReplaceLanguage": "en-US",
    "replaceIndexFile": "index.json5",
    "findLanguageFile": [
     {
      "language": "zh-CN",
      "file": "fnd_zh_cn.json5"
     }
    ],
    "replaceLanguageFile": [
     {
      "language": "zh-CN",
      "file": "replace_zh_cn.json5"
     },
     {
      "language": "en-US",
      "file": "replace_en_us.json5"
     }
    ]
   }
  }
 ],
 "dependenceInfo": [
  {
   "modName": "ModLoader",
   "version": ">=1.1.0"
  },
  {
   "modName": "ModLoader DoL ImageLoaderHook",
   "version": ">=1.0.0"
  },
  {
   "modName": "TweeReplacer",
   "version": ">=1.0.0"
  },
  {
   "modName": "ReplacePatcher",
   "version": ">=1.0.0"
  },
  {
   "modName": "I18nTweeReplacer",
   "version": ">=1.0.0"
  }
 ]
}