{
  "name": "DOL_HAIR&HAT",
  "version": "1.3.0",
  "styleFileList": [],
  "scriptFileList": [],
  "tweeFileList": [],
  "imgFileList": [
    "img/clothes/head/alice/full.png",
    "img/clothes/head/alice/full_gray.png",
    "img/clothes/head/backwardscap/full.png",
    "img/clothes/head/backwardscap/full_gray.png",
    "img/clothes/head/backwardscap/mask.png",
    "img/clothes/head/band/full.png",
    "img/clothes/head/band/full_gray.png",
    "img/clothes/head/baseball/acc.png",
    "img/clothes/head/baseball/acc_gray.png",
    "img/clothes/head/baseball/full.png",
    "img/clothes/head/baseball/full_gray.png",
    "img/clothes/head/baseball/mask.png",
    "img/clothes/head/baseball/mask_ponytail.png",
    "img/clothes/head/bat beanie/acc.png",
    "img/clothes/head/bat beanie/acc_gray.png",
    "img/clothes/head/bat beanie/full.png",
    "img/clothes/head/bat beanie/mask.png",
    "img/clothes/head/beanie/full.png",
    "img/clothes/head/beanie/full_gray.png",
    "img/clothes/head/beanie/mask.png",
    "img/clothes/head/beanie/mask_ponytail.png",
    "img/clothes/head/beatnik/full.png",
    "img/clothes/head/beatnik/mask.png",
    "img/clothes/head/bigbow/full.png",
    "img/clothes/head/bigbow/full_gray.png",
    "img/clothes/head/bow/full.png",
    "img/clothes/head/bow/full_gray.png",
    "img/clothes/head/bun/acc.png",
    "img/clothes/head/bun/full.png",
    "img/clothes/head/bun/full_gray.png",
    "img/clothes/head/bunband/back.png",
    "img/clothes/head/bunband/back_gray.png",
    "img/clothes/head/bunband/full.png",
    "img/clothes/head/bunband/full_gray.png",
    "img/clothes/head/bunnyears/full.png",
    "img/clothes/head/butterflyhairpin/acc.png",
    "img/clothes/head/butterflyhairpin/full.png",
    "img/clothes/head/butterflyhairpin/full_gray.png",
    "img/clothes/head/cap/acc.png",
    "img/clothes/head/cap/acc_gray.png",
    "img/clothes/head/cap/full.png",
    "img/clothes/head/cap/full_gray.png",
    "img/clothes/head/cap/mask.png",
    "img/clothes/head/cap/mask_ponytail.png",
    "img/clothes/head/cat/acc.png",
    "img/clothes/head/cat/acc_gray.png",
    "img/clothes/head/cat/full.png",
    "img/clothes/head/cat/full_gray.png",
    "img/clothes/head/cat/mask.png",
    "img/clothes/head/cat/mask_ponytail.png",
    "img/clothes/head/cat hoodie/acc_frayed.png",
    "img/clothes/head/cat hoodie/acc_full.png",
    "img/clothes/head/cat hoodie/acc_tattered.png",
    "img/clothes/head/cat hoodie/acc_torn.png",
    "img/clothes/head/cat hoodie/back_gray.png",
    "img/clothes/head/cat hoodie/frayed_gray.png",
    "img/clothes/head/cat hoodie/full_gray.png",
    "img/clothes/head/cat hoodie/mask.png",
    "img/clothes/head/cat hoodie/tattered_gray.png",
    "img/clothes/head/cat hoodie/torn_gray.png",
    "img/clothes/head/chef/back.png",
    "img/clothes/head/chef/full.png",
    "img/clothes/head/chef/mask.png",
    "img/clothes/head/christmas/full.png",
    "img/clothes/head/christmas/mask.png",
    "img/clothes/head/christmas/mask_ponytail.png",
    "img/clothes/head/conicalhat/back.png",
    "img/clothes/head/conicalhat/full.png",
    "img/clothes/head/conicalhat/mask.png",
    "img/clothes/head/cowboy/back.png",
    "img/clothes/head/cowboy/full.png",
    "img/clothes/head/cowboy/mask.png",
    "img/clothes/head/cowonesie/alternative/back.png",
    "img/clothes/head/cowonesie/alternative/frayed.png",
    "img/clothes/head/cowonesie/alternative/full.png",
    "img/clothes/head/cowonesie/alternative/full_down.png",
    "img/clothes/head/cowonesie/alternative/mask.png",
    "img/clothes/head/cowonesie/alternative/tattered.png",
    "img/clothes/head/cowonesie/alternative/torn.png",
    "img/clothes/head/cowonesie/back.png",
    "img/clothes/head/cowonesie/frayed.png",
    "img/clothes/head/cowonesie/full.png",
    "img/clothes/head/cowonesie/full_down.png",
    "img/clothes/head/cowonesie/mask.png",
    "img/clothes/head/cowonesie/tattered.png",
    "img/clothes/head/cowonesie/torn.png",
    "img/clothes/head/daisy/full.png",
    "img/clothes/head/feathered/back.png",
    "img/clothes/head/feathered/full.png",
    "img/clothes/head/feathered/mask.png",
    "img/clothes/head/featheredhairclip/full.png",
    "img/clothes/head/featheredhairclip/full_gray.png",
    "img/clothes/head/fedora/back.png",
    "img/clothes/head/fedora/full.png",
    "img/clothes/head/fedora/mask.png",
    "img/clothes/head/fishhairpin/full.png",
    "img/clothes/head/flower/alt/full.png",
    "img/clothes/head/flower/full.png",
    "img/clothes/head/football/acc.png",
    "img/clothes/head/football/acc_gray.png",
    "img/clothes/head/football/full.png",
    "img/clothes/head/football/full_gray.png",
    "img/clothes/head/football/mask.png",
    "img/clothes/head/football/mask_ponytail.png",
    "img/clothes/head/furcap f/acc.png",
    "img/clothes/head/furcap f/acc_gray.png",
    "img/clothes/head/furcap f/full.png",
    "img/clothes/head/furcap f/full_gray.png",
    "img/clothes/head/furcap m/acc.png",
    "img/clothes/head/furcap m/acc_gray.png",
    "img/clothes/head/furcap m/full.png",
    "img/clothes/head/furcap m/full_gray.png",
    "img/clothes/head/hairpin/full.png",
    "img/clothes/head/hoodie/acc.png",
    "img/clothes/head/hoodie/acc_down.png",
    "img/clothes/head/hoodie/acc_down_gray.png",
    "img/clothes/head/hoodie/acc_gray.png",
    "img/clothes/head/hoodie/back.png",
    "img/clothes/head/hoodie/back_gray.png",
    "img/clothes/head/hoodie/full.png",
    "img/clothes/head/hoodie/full_down.png",
    "img/clothes/head/hoodie/full_down_gray.png",
    "img/clothes/head/hoodie/full_gray.png",
    "img/clothes/head/hoodie/mask.png",
    "img/clothes/head/jackolantern/full.png",
    "img/clothes/head/kitty/acc.png",
    "img/clothes/head/kitty/acc_gray.png",
    "img/clothes/head/kitty/full.png",
    "img/clothes/head/kitty/full_gray.png",
    "img/clothes/head/maid/full.png",
    "img/clothes/head/minisnowman/full.png",
    "img/clothes/head/monster/acc.png",
    "img/clothes/head/monster/acc_down.png",
    "img/clothes/head/monster/acc_down_gray.png",
    "img/clothes/head/monster/acc_gray.png",
    "img/clothes/head/monster/back.png",
    "img/clothes/head/monster/back_gray.png",
    "img/clothes/head/monster/full.png",
    "img/clothes/head/monster/full_down.png",
    "img/clothes/head/monster/full_down_gray.png",
    "img/clothes/head/monster/full_gray.png",
    "img/clothes/head/monster/mask.png",
    "img/clothes/head/monster/mask_gray.png",
    "img/clothes/head/nun/alt/back.png",
    "img/clothes/head/nun/alt/back_gray.png",
    "img/clothes/head/nun/alt/full.png",
    "img/clothes/head/nun/alt/mask.png",
    "img/clothes/head/nun/alt/mask1.png",
    "img/clothes/head/nun/back.png",
    "img/clothes/head/nun/back_gray.png",
    "img/clothes/head/nun/cat/back.png",
    "img/clothes/head/nun/cat/back_gray.png",
    "img/clothes/head/nun/cat/full.png",
    "img/clothes/head/nun/cat/mask.png",
    "img/clothes/head/nun/full.png",
    "img/clothes/head/nun/mask.png",
    "img/clothes/head/nun/mask1.png",
    "img/clothes/head/pinknurse/full.png",
    "img/clothes/head/plasticnurse/full.png",
    "img/clothes/head/racing/acc.png",
    "img/clothes/head/racing/acc_gray.png",
    "img/clothes/head/racing/back.png",
    "img/clothes/head/racing/back_gray.png",
    "img/clothes/head/racing/full.png",
    "img/clothes/head/racing/full_gray.png",
    "img/clothes/head/racing/mask.png",
    "img/clothes/head/racing/mask_ponytail.png",
    "img/clothes/head/racing/racing helmet secondary color.png",
    "img/clothes/head/racing/racing-helmet-secondary-color.png",
    "img/clothes/head/riding/back.png",
    "img/clothes/head/riding/full.png",
    "img/clothes/head/riding/mask.png",
    "img/clothes/head/riding/mask_ponytail.png",
    "img/clothes/head/rose/acc.png",
    "img/clothes/head/rose/acc_gray.png",
    "img/clothes/head/rose/full.png",
    "img/clothes/head/rose/full_gray.png",
    "img/clothes/head/sailorbig/acc.png",
    "img/clothes/head/sailorbig/acc_gray.png",
    "img/clothes/head/sailorbig/full.png",
    "img/clothes/head/sailorbig/full_gray.png",
    "img/clothes/head/sailorbig/mask.png",
    "img/clothes/head/sailorsmall/acc.png",
    "img/clothes/head/sailorsmall/acc_gray.png",
    "img/clothes/head/sailorsmall/full.png",
    "img/clothes/head/sailorsmall/full_gray.png",
    "img/clothes/head/sailorsmall/mask.png",
    "img/clothes/head/scarecrow/full.png",
    "img/clothes/head/scarecrow/mask.png",
    "img/clothes/head/sou/back.png",
    "img/clothes/head/sou/back_gray.png",
    "img/clothes/head/sou/full.png",
    "img/clothes/head/sou/full_gray.png",
    "img/clothes/head/sou/mask.png",
    "img/clothes/head/spiritmask/acc.png",
    "img/clothes/head/spiritmask/acc_gray.png",
    "img/clothes/head/spiritmask/full.png",
    "img/clothes/head/spiritmask/full_gray.png",
    "img/clothes/head/starhairpin/full.png",
    "img/clothes/head/straw/acc.png",
    "img/clothes/head/straw/acc_gray.png",
    "img/clothes/head/straw/back.png",
    "img/clothes/head/straw/back_gray.png",
    "img/clothes/head/straw/full.png",
    "img/clothes/head/straw/full_gray.png",
    "img/clothes/head/straw/mask.png",
    "img/clothes/head/strawflower/acc.png",
    "img/clothes/head/strawflower/acc_gray.png",
    "img/clothes/head/strawflower/back.png",
    "img/clothes/head/strawflower/back_gray.png",
    "img/clothes/head/strawflower/full.png",
    "img/clothes/head/strawflower/full_gray.png",
    "img/clothes/head/strawflower/mask.png",
    "img/clothes/head/tam/back.png",
    "img/clothes/head/tam/full.png",
    "img/clothes/head/tam/mask.png",
    "img/clothes/head/top/acc.png",
    "img/clothes/head/top/acc_gray.png",
    "img/clothes/head/top/back.png",
    "img/clothes/head/top/back_gray.png",
    "img/clothes/head/top/full.png",
    "img/clothes/head/top/full_gray.png",
    "img/clothes/head/top/mask.png",
    "img/clothes/head/transparentnurse/full.png",
    "img/clothes/head/umbrella/back.png",
    "img/clothes/head/umbrella/full.png",
    "img/clothes/head/umbrella/mask.png",
    "img/clothes/head/witch/acc.png",
    "img/clothes/head/witch/acc_gray.png",
    "img/clothes/head/witch/back.png",
    "img/clothes/head/witch/back_gray.png",
    "img/clothes/head/witch/full.png",
    "img/clothes/head/witch/full_gray.png",
    "img/clothes/head/witch/mask.png",
    "img/hair/fringe/back/chest.png",
    "img/hair/fringe/back/feet.png",
    "img/hair/fringe/back/navel.png",
    "img/hair/fringe/back/short.png",
    "img/hair/fringe/back/shoulder.png",
    "img/hair/fringe/back/thighs.png",
    "img/hair/fringe/blunt sidelocks/alt/chest.png",
    "img/hair/fringe/blunt sidelocks/alt/feet.png",
    "img/hair/fringe/blunt sidelocks/alt/navel.png",
    "img/hair/fringe/blunt sidelocks/alt/short.png",
    "img/hair/fringe/blunt sidelocks/alt/shoulder.png",
    "img/hair/fringe/blunt sidelocks/alt/thighs.png",
    "img/hair/fringe/blunt sidelocks/chest.png",
    "img/hair/fringe/blunt sidelocks/feet.png",
    "img/hair/fringe/blunt sidelocks/navel.png",
    "img/hair/fringe/blunt sidelocks/short.png",
    "img/hair/fringe/blunt sidelocks/shoulder.png",
    "img/hair/fringe/blunt sidelocks/thighs.png",
    "img/hair/fringe/bowl/chest.png",
    "img/hair/fringe/bowl/feet.png",
    "img/hair/fringe/bowl/navel.png",
    "img/hair/fringe/bowl/short.png",
    "img/hair/fringe/bowl/shoulder.png",
    "img/hair/fringe/bowl/thighs.png",
    "img/hair/fringe/buzzcut/chest.png",
    "img/hair/fringe/buzzcut/feet.png",
    "img/hair/fringe/buzzcut/navel.png",
    "img/hair/fringe/buzzcut/short.png",
    "img/hair/fringe/buzzcut/shoulder.png",
    "img/hair/fringe/buzzcut/thighs.png",
    "img/hair/fringe/crude/chest.png",
    "img/hair/fringe/crude/feet.png",
    "img/hair/fringe/crude/navel.png",
    "img/hair/fringe/crude/short.png",
    "img/hair/fringe/crude/shoulder.png",
    "img/hair/fringe/crude/thighs.png",
    "img/hair/fringe/curtain/alt/chest.png",
    "img/hair/fringe/curtain/alt/feet.png",
    "img/hair/fringe/curtain/alt/navel.png",
    "img/hair/fringe/curtain/alt/short.png",
    "img/hair/fringe/curtain/alt/shoulder.png",
    "img/hair/fringe/curtain/alt/thighs.png",
    "img/hair/fringe/curtain/chest.png",
    "img/hair/fringe/curtain/feet.png",
    "img/hair/fringe/curtain/navel.png",
    "img/hair/fringe/curtain/short.png",
    "img/hair/fringe/curtain/shoulder.png",
    "img/hair/fringe/curtain/thighs.png",
    "img/hair/fringe/default/alt/chest.png",
    "img/hair/fringe/default/alt/feet.png",
    "img/hair/fringe/default/alt/navel.png",
    "img/hair/fringe/default/alt/short.png",
    "img/hair/fringe/default/alt/shoulder.png",
    "img/hair/fringe/default/alt/thighs.png",
    "img/hair/fringe/default/chest.png",
    "img/hair/fringe/default/feet.png",
    "img/hair/fringe/default/navel.png",
    "img/hair/fringe/default/short.png",
    "img/hair/fringe/default/shoulder.png",
    "img/hair/fringe/default/thighs.png",
    "img/hair/fringe/dread bun/chest.png",
    "img/hair/fringe/dread bun/feet.png",
    "img/hair/fringe/dread bun/navel.png",
    "img/hair/fringe/dread bun/short.png",
    "img/hair/fringe/dread bun/shoulder.png",
    "img/hair/fringe/dread bun/thighs.png",
    "img/hair/fringe/dreadlocks/chest.png",
    "img/hair/fringe/dreadlocks/feet.png",
    "img/hair/fringe/dreadlocks/navel.png",
    "img/hair/fringe/dreadlocks/short.png",
    "img/hair/fringe/dreadlocks/shoulder.png",
    "img/hair/fringe/dreadlocks/thighs.png",
    "img/hair/fringe/drill ringlets/chest.png",
    "img/hair/fringe/drill ringlets/feet.png",
    "img/hair/fringe/drill ringlets/navel.png",
    "img/hair/fringe/drill ringlets/short.png",
    "img/hair/fringe/drill ringlets/shoulder.png",
    "img/hair/fringe/drill ringlets/thighs.png",
    "img/hair/fringe/emo/chest.png",
    "img/hair/fringe/emo/feet.png",
    "img/hair/fringe/emo/navel.png",
    "img/hair/fringe/emo/short.png",
    "img/hair/fringe/emo/shoulder.png",
    "img/hair/fringe/emo/thighs.png",
    "img/hair/fringe/emo left/chest.png",
    "img/hair/fringe/emo left/feet.png",
    "img/hair/fringe/emo left/navel.png",
    "img/hair/fringe/emo left/short.png",
    "img/hair/fringe/emo left/shoulder.png",
    "img/hair/fringe/emo left/thighs.png",
    "img/hair/fringe/emo right/chest.png",
    "img/hair/fringe/emo right/feet.png",
    "img/hair/fringe/emo right/navel.png",
    "img/hair/fringe/emo right/short.png",
    "img/hair/fringe/emo right/shoulder.png",
    "img/hair/fringe/emo right/thighs (1).png",
    "img/hair/fringe/emo right/thighs.png",
    "img/hair/fringe/flat/chest.png",
    "img/hair/fringe/flat/feet.png",
    "img/hair/fringe/flat/navel.png",
    "img/hair/fringe/flat/short.png",
    "img/hair/fringe/flat/shoulder.png",
    "img/hair/fringe/flat/thighs.png",
    "img/hair/fringe/framed/alt/chest.png",
    "img/hair/fringe/framed/alt/feet.png",
    "img/hair/fringe/framed/alt/navel.png",
    "img/hair/fringe/framed/alt/short.png",
    "img/hair/fringe/framed/alt/shoulder.png",
    "img/hair/fringe/framed/alt/thighs.png",
    "img/hair/fringe/framed/chest.png",
    "img/hair/fringe/framed/feet.png",
    "img/hair/fringe/framed/navel.png",
    "img/hair/fringe/framed/short.png",
    "img/hair/fringe/framed/shoulder.png",
    "img/hair/fringe/framed/thighs.png",
    "img/hair/fringe/french bob/chest.png",
    "img/hair/fringe/french bob/feet.png",
    "img/hair/fringe/french bob/navel.png",
    "img/hair/fringe/french bob/short.png",
    "img/hair/fringe/french bob/shoulder.png",
    "img/hair/fringe/french bob/thighs.png",
    "img/hair/fringe/fro/chest.png",
    "img/hair/fringe/fro/feet.png",
    "img/hair/fringe/fro/mask.png",
    "img/hair/fringe/fro/navel.png",
    "img/hair/fringe/fro/short.png",
    "img/hair/fringe/fro/shoulder.png",
    "img/hair/fringe/fro/thighs.png",
    "img/hair/fringe/front braids/chest.png",
    "img/hair/fringe/front braids/feet.png",
    "img/hair/fringe/front braids/navel.png",
    "img/hair/fringe/front braids/short.png",
    "img/hair/fringe/front braids/shoulder.png",
    "img/hair/fringe/front braids/thighs.png",
    "img/hair/fringe/hime/chest.png",
    "img/hair/fringe/hime/feet.png",
    "img/hair/fringe/hime/navel.png",
    "img/hair/fringe/hime/short.png",
    "img/hair/fringe/hime/shoulder.png",
    "img/hair/fringe/hime/thighs.png",
    "img/hair/fringe/loose/chest.png",
    "img/hair/fringe/loose/feet.png",
    "img/hair/fringe/loose/navel.png",
    "img/hair/fringe/loose/short.png",
    "img/hair/fringe/loose/shoulder.png",
    "img/hair/fringe/loose/thighs.png",
    "img/hair/fringe/messy/chest.png",
    "img/hair/fringe/messy/feet.png",
    "img/hair/fringe/messy/navel.png",
    "img/hair/fringe/messy/short.png",
    "img/hair/fringe/messy/shoulder.png",
    "img/hair/fringe/messy/thighs.png",
    "img/hair/fringe/mohawk/chest.png",
    "img/hair/fringe/mohawk/feet.png",
    "img/hair/fringe/mohawk/navel.png",
    "img/hair/fringe/mohawk/short.png",
    "img/hair/fringe/mohawk/shoulder.png",
    "img/hair/fringe/mohawk/thighs.png",
    "img/hair/fringe/old_hime/chest.png",
    "img/hair/fringe/old_hime/feet.pdn",
    "img/hair/fringe/old_hime/feet.png",
    "img/hair/fringe/old_hime/navel.png",
    "img/hair/fringe/old_hime/short.png",
    "img/hair/fringe/old_hime/shoulder.png",
    "img/hair/fringe/old_hime/thighs.png",
    "img/hair/fringe/overgrown/chest.png",
    "img/hair/fringe/overgrown/feet.png",
    "img/hair/fringe/overgrown/navel.png",
    "img/hair/fringe/overgrown/short.png",
    "img/hair/fringe/overgrown/shoulder.png",
    "img/hair/fringe/overgrown/thighs.png",
    "img/hair/fringe/parted/chest.png",
    "img/hair/fringe/parted/feet.png",
    "img/hair/fringe/parted/navel.png",
    "img/hair/fringe/parted/short.png",
    "img/hair/fringe/parted/shoulder.png",
    "img/hair/fringe/parted/thighs.png",
    "img/hair/fringe/quiff/chest.png",
    "img/hair/fringe/quiff/feet.png",
    "img/hair/fringe/quiff/navel.png",
    "img/hair/fringe/quiff/short.png",
    "img/hair/fringe/quiff/shoulder.png",
    "img/hair/fringe/quiff/thighs.png",
    "img/hair/fringe/ringlet curl/chest.png",
    "img/hair/fringe/ringlet curl/feet.png",
    "img/hair/fringe/ringlet curl/navel.png",
    "img/hair/fringe/ringlet curl/short.png",
    "img/hair/fringe/ringlet curl/shoulder.png",
    "img/hair/fringe/ringlet curl/thighs.png",
    "img/hair/fringe/ringlets/chest.png",
    "img/hair/fringe/ringlets/feet.png",
    "img/hair/fringe/ringlets/navel.png",
    "img/hair/fringe/ringlets/short.png",
    "img/hair/fringe/ringlets/shoulder.png",
    "img/hair/fringe/ringlets/thighs.png",
    "img/hair/fringe/ruffled/alt/chest.png",
    "img/hair/fringe/ruffled/alt/feet.png",
    "img/hair/fringe/ruffled/alt/navel.png",
    "img/hair/fringe/ruffled/alt/short.png",
    "img/hair/fringe/ruffled/alt/shoulder.png",
    "img/hair/fringe/ruffled/alt/thighs.png",
    "img/hair/fringe/ruffled/chest.png",
    "img/hair/fringe/ruffled/feet.png",
    "img/hair/fringe/ruffled/navel.png",
    "img/hair/fringe/ruffled/short.png",
    "img/hair/fringe/ruffled/shoulder.png",
    "img/hair/fringe/ruffled/thighs.png",
    "img/hair/fringe/sectioned/chest.png",
    "img/hair/fringe/sectioned/feet.png",
    "img/hair/fringe/sectioned/navel.png",
    "img/hair/fringe/sectioned/short.png",
    "img/hair/fringe/sectioned/shoulder.png",
    "img/hair/fringe/sectioned/thighs.png",
    "img/hair/fringe/short air vents/chest.png",
    "img/hair/fringe/short air vents/feet.png",
    "img/hair/fringe/short air vents/navel.png",
    "img/hair/fringe/short air vents/short.png",
    "img/hair/fringe/short air vents/shoulder.png",
    "img/hair/fringe/short air vents/thighs.png",
    "img/hair/fringe/side-pinned/chest.png",
    "img/hair/fringe/side-pinned/feet.png",
    "img/hair/fringe/side-pinned/navel.png",
    "img/hair/fringe/side-pinned/short.png",
    "img/hair/fringe/side-pinned/shoulder.png",
    "img/hair/fringe/side-pinned/thighs.png",
    "img/hair/fringe/sidecut/chest.png",
    "img/hair/fringe/sidecut/feet.png",
    "img/hair/fringe/sidecut/navel.png",
    "img/hair/fringe/sidecut/short.png",
    "img/hair/fringe/sidecut/shoulder.png",
    "img/hair/fringe/sidecut/thighs.png",
    "img/hair/fringe/sideswept braid/chest.png",
    "img/hair/fringe/sideswept braid/feet.png",
    "img/hair/fringe/sideswept braid/navel.png",
    "img/hair/fringe/sideswept braid/short.png",
    "img/hair/fringe/sideswept braid/shoulder.png",
    "img/hair/fringe/sideswept braid/thighs.png",
    "img/hair/fringe/split/chest.png",
    "img/hair/fringe/split/feet.png",
    "img/hair/fringe/split/navel.png",
    "img/hair/fringe/split/short.png",
    "img/hair/fringe/split/shoulder.png",
    "img/hair/fringe/split/thighs.png",
    "img/hair/fringe/straight/chest.png",
    "img/hair/fringe/straight/feet.png",
    "img/hair/fringe/straight/navel.png",
    "img/hair/fringe/straight/short.png",
    "img/hair/fringe/straight/shoulder.png",
    "img/hair/fringe/straight/thighs.png",
    "img/hair/fringe/straight curl/chest.png",
    "img/hair/fringe/straight curl/feet.png",
    "img/hair/fringe/straight curl/navel.png",
    "img/hair/fringe/straight curl/short.png",
    "img/hair/fringe/straight curl/shoulder.png",
    "img/hair/fringe/straight curl/thighs.png",
    "img/hair/fringe/swept back/chest.png",
    "img/hair/fringe/swept back/feet.png",
    "img/hair/fringe/swept back/navel.png",
    "img/hair/fringe/swept back/short.png",
    "img/hair/fringe/swept back/shoulder.png",
    "img/hair/fringe/swept back/thighs.png",
    "img/hair/fringe/swept left/chest.png",
    "img/hair/fringe/swept left/feet.png",
    "img/hair/fringe/swept left/navel.png",
    "img/hair/fringe/swept left/short.png",
    "img/hair/fringe/swept left/shoulder.png",
    "img/hair/fringe/swept left/thighs.png",
    "img/hair/fringe/thin flaps/chest.png",
    "img/hair/fringe/thin flaps/feet.png",
    "img/hair/fringe/thin flaps/navel.png",
    "img/hair/fringe/thin flaps/short.png",
    "img/hair/fringe/thin flaps/shoulder.png",
    "img/hair/fringe/thin flaps/thighs.png",
    "img/hair/fringe/trident/alt/chest.png",
    "img/hair/fringe/trident/alt/feet.png",
    "img/hair/fringe/trident/alt/navel.png",
    "img/hair/fringe/trident/alt/short.png",
    "img/hair/fringe/trident/alt/shoulder.png",
    "img/hair/fringe/trident/alt/thighs.png",
    "img/hair/fringe/trident/chest.png",
    "img/hair/fringe/trident/feet.png",
    "img/hair/fringe/trident/navel.png",
    "img/hair/fringe/trident/short.png",
    "img/hair/fringe/trident/shoulder.png",
    "img/hair/fringe/trident/thighs.png",
    "img/hair/fringe/wide flaps/chest.png",
    "img/hair/fringe/wide flaps/feet.png",
    "img/hair/fringe/wide flaps/navel.png",
    "img/hair/fringe/wide flaps/short.png",
    "img/hair/fringe/wide flaps/shoulder.png",
    "img/hair/fringe/wide flaps/thighs.png",
    "img/hair/lashesmakeupblack.png"
  ],
  "addonPlugin": [
    {
      "modName": "ModLoader DoL ImageLoaderHook",
      "addonName": "ImageLoaderAddon",
      "modVersion": "^2.3.0",
      "params": []
    }
  ],
  "dependenceInfo": [
    {
      "modName": "ModLoader DoL ImageLoaderHook",
      "version": "^2.3.0"
    }
  ]
}