{
  "name": "BJ",
  "version": "1.0.0",
  "styleFileList": [],
  "scriptFileList": [],
  "tweeFileList": [],
  "imgFileList": [
    "img/body/basehead.png",
    "img/body/breasts/breasts1.png",
    "img/body/breasts/breasts2.png",
    "img/body/breasts/breasts3.png",
    "img/body/breasts/breasts3_clothed.png",
    "img/body/breasts/breasts4.png",
    "img/body/breasts/breasts4_clothed.png",
    "img/body/breasts/breasts5.png",
    "img/body/breasts/breasts5_clothed.png",
    "img/body/breasts/breasts6.png",
    "img/body/breasts/breasts6_clothed.png",
    "img/body/cum/Face 1,2.png",
    "img/body/cum/Face 3,4.png",
    "img/body/cum/Face 5.png",
    "img/bodywriting/heart/pubic.png",
    "img/clothes/head/flower/alt/full.png",
    "img/clothes/head/flower/full.png",
    "img/clothes/head/nun/alt/back.png",
    "img/clothes/head/nun/alt/back_gray.png",
    "img/clothes/head/nun/alt/full.png",
    "img/clothes/head/nun/alt/mask.png",
    "img/clothes/head/nun/alt/mask1.png",
    "img/clothes/head/nun/back.png",
    "img/clothes/head/nun/back_gray.png",
    "img/clothes/head/nun/full.png",
    "img/clothes/head/nun/mask.png",
    "img/face/default/base.png",
    "img/face/default/blush1.png",
    "img/face/default/blush2.png",
    "img/face/default/blush3.png",
    "img/face/default/blush4.png",
    "img/face/default/blush5.png",
    "img/face/default/browlow.png",
    "img/face/default/browmid.png",
    "img/face/default/broworgasm.png",
    "img/face/default/browtop.png",
    "img/face/default/eyelids.png",
    "img/face/default/eyelids_halfclosed.png",
    "img/face/default/eyes.png",
    "img/face/default/freckles.png",
    "img/face/default/irisempty_halfclosed_left.png",
    "img/face/default/irisempty_halfclosed_right.png",
    "img/face/default/irisempty_left.png",
    "img/face/default/irisempty_right.png",
    "img/face/default/iris_halfclosed_left.png",
    "img/face/default/iris_halfclosed_right.png",
    "img/face/default/iris_left.png",
    "img/face/default/iris_right.png",
    "img/face/default/lashes.png",
    "img/face/default/lashes_halfclosed.png",
    "img/face/default/makeup/eyeshadows.png",
    "img/face/default/makeup/eyeshadows_halfclosed.png",
    "img/face/default/makeup/lipstick_cry.png",
    "img/face/default/makeup/lipstick_frown.png",
    "img/face/default/makeup/lipstick_neutral.png",
    "img/face/default/makeup/lipstick_smile.png",
    "img/face/default/makeup/mascara.png",
    "img/face/default/makeup/mascara1.png",
    "img/face/default/makeup/mascara2.png",
    "img/face/default/makeup/mascara3.png",
    "img/face/default/makeup/mascara4.png",
    "img/face/default/makeup/mascara_halfclosed.png",
    "img/face/default/mouthcry.png",
    "img/face/default/mouthfrown.png",
    "img/face/default/mouthneutral.png",
    "img/face/default/mouthsmile.png",
    "img/face/default/sclera.png",
    "img/face/default/sclerabloodshot.png",
    "img/face/default/tear1.png",
    "img/face/default/tear2.png",
    "img/face/default/tear3.png",
    "img/face/default/tear4.png",
    "img/hair/fringe/blunt sidelocks/alt/chest.png",
    "img/hair/fringe/blunt sidelocks/alt/feet.png",
    "img/hair/fringe/blunt sidelocks/alt/navel.png",
    "img/hair/fringe/blunt sidelocks/alt/short.png",
    "img/hair/fringe/blunt sidelocks/alt/shoulder.png",
    "img/hair/fringe/blunt sidelocks/alt/thighs.png",
    "img/hair/fringe/blunt sidelocks/chest.png",
    "img/hair/fringe/blunt sidelocks/feet.png",
    "img/hair/fringe/blunt sidelocks/navel.png",
    "img/hair/fringe/blunt sidelocks/short.png",
    "img/hair/fringe/blunt sidelocks/shoulder.png",
    "img/hair/fringe/blunt sidelocks/thighs.png",
    "img/hair/fringe/curtain/alt/chest.png",
    "img/hair/fringe/curtain/alt/feet.png",
    "img/hair/fringe/curtain/alt/navel.png",
    "img/hair/fringe/curtain/alt/short.png",
    "img/hair/fringe/curtain/alt/shoulder.png",
    "img/hair/fringe/curtain/alt/thighs.png",
    "img/hair/fringe/curtain/chest.png",
    "img/hair/fringe/curtain/feet.png",
    "img/hair/fringe/curtain/navel.png",
    "img/hair/fringe/curtain/short.png",
    "img/hair/fringe/curtain/shoulder.png",
    "img/hair/fringe/curtain/thighs.png",
    "img/hair/fringe/default/alt/chest.png",
    "img/hair/fringe/default/alt/feet.png",
    "img/hair/fringe/default/alt/navel.png",
    "img/hair/fringe/default/alt/short.png",
    "img/hair/fringe/default/alt/shoulder.png",
    "img/hair/fringe/default/alt/thighs.png",
    "img/hair/fringe/default/chest.png",
    "img/hair/fringe/default/feet.png",
    "img/hair/fringe/default/navel.png",
    "img/hair/fringe/default/short.png",
    "img/hair/fringe/default/shoulder.png",
    "img/hair/fringe/default/thighs.png",
    "img/hair/fringe/drill ringlets/chest.png",
    "img/hair/fringe/drill ringlets/feet.png",
    "img/hair/fringe/drill ringlets/navel.png",
    "img/hair/fringe/drill ringlets/short.png",
    "img/hair/fringe/drill ringlets/shoulder.png",
    "img/hair/fringe/drill ringlets/thighs.png",
    "img/hair/fringe/framed/alt/chest.png",
    "img/hair/fringe/framed/alt/feet.png",
    "img/hair/fringe/framed/alt/navel.png",
    "img/hair/fringe/framed/alt/short.png",
    "img/hair/fringe/framed/alt/shoulder.png",
    "img/hair/fringe/framed/alt/thighs.png",
    "img/hair/fringe/framed/chest.png",
    "img/hair/fringe/framed/feet.png",
    "img/hair/fringe/framed/navel.png",
    "img/hair/fringe/framed/short.png",
    "img/hair/fringe/framed/shoulder.png",
    "img/hair/fringe/framed/thighs.png",
    "img/hair/fringe/hime/chest.png",
    "img/hair/fringe/hime/feet.png",
    "img/hair/fringe/hime/navel.png",
    "img/hair/fringe/hime/short.png",
    "img/hair/fringe/hime/shoulder.png",
    "img/hair/fringe/hime/thighs.png",
    "img/hair/fringe/ruffled/alt/chest.png",
    "img/hair/fringe/ruffled/alt/feet.png",
    "img/hair/fringe/ruffled/alt/navel.png",
    "img/hair/fringe/ruffled/alt/short.png",
    "img/hair/fringe/ruffled/alt/shoulder.png",
    "img/hair/fringe/ruffled/alt/thighs.png",
    "img/hair/fringe/ruffled/chest.png",
    "img/hair/fringe/ruffled/feet.png",
    "img/hair/fringe/ruffled/navel.png",
    "img/hair/fringe/ruffled/short.png",
    "img/hair/fringe/ruffled/shoulder.png",
    "img/hair/fringe/ruffled/thighs.png",
    "img/hair/fringe/split/chest.png",
    "img/hair/fringe/split/feet.png",
    "img/hair/fringe/split/navel.png",
    "img/hair/fringe/split/short.png",
    "img/hair/fringe/split/shoulder.png",
    "img/hair/fringe/split/thighs.png",
    "img/hair/fringe/swept left/chest.png",
    "img/hair/fringe/swept left/feet.png",
    "img/hair/fringe/swept left/navel.png",
    "img/hair/fringe/swept left/short.png",
    "img/hair/fringe/swept left/shoulder.png",
    "img/hair/fringe/swept left/thighs.png",
    "img/hair/fringe/trident/alt/chest.png",
    "img/hair/fringe/trident/alt/feet.png",
    "img/hair/fringe/trident/alt/navel.png",
    "img/hair/fringe/trident/alt/short.png",
    "img/hair/fringe/trident/alt/shoulder.png",
    "img/hair/fringe/trident/alt/thighs.png",
    "img/hair/fringe/trident/chest.png",
    "img/hair/fringe/trident/feet.png",
    "img/hair/fringe/trident/navel.png",
    "img/hair/fringe/trident/short.png",
    "img/hair/fringe/trident/shoulder.png",
    "img/hair/fringe/trident/thighs.png",
    "img/hair/fringe/wide flaps/chest.png",
    "img/hair/fringe/wide flaps/feet.png",
    "img/hair/fringe/wide flaps/navel.png",
    "img/hair/fringe/wide flaps/short.png",
    "img/hair/fringe/wide flaps/shoulder.png",
    "img/hair/fringe/wide flaps/thighs.png"
  ],
  "addonPlugin": [
    {
      "modName": "ModLoader DoL ImageLoaderHook",
      "addonName": "ImageLoaderAddon",
      "modVersion": "^2.3.0",
      "params": []
    }
  ],
  "dependenceInfo": [
    {
      "modName": "ModLoader DoL ImageLoaderHook",
      "version": "^2.3.0"
    }
  ]
}